{
  "gen": 0,
  "population": [
    {"Material": 196.97, "Safety": 36.63, "Position": 2.45, "Control": 3.60},
    {"Material": 179.10, "Safety": 28.35, "Position": 26.90, "Control": 5.42},
    {"Material": 200.00, "Safety": 55.66, "Position": 9.84, "Control": 13.70},
    {"Material": 195.93, "Safety": 115.62, "Position": 12.10, "Control": 32.82},
      
    
  ],
  "best": {
    "Material": 193.72825516943595,
    "Safety": 32.96562237360983,
    "Position": 1.1751318732554816,
    "Control": 7.149161429560648
  }
}